{
    "optimizer": "SGD_Adam",
    "batch_size": 256,
    "lr": 0.01,
    "connectivities_lr" : 0.0003,
    "chunks" : [64, 64, 64, 128, 128, 128, 128, 256, 256, 256, 256, 512, 512, 512, 512],
    "architecture" : "binmatr2_resnet18",
    "width_mul" : 1,
    "weight_decay" : 0.0,
    "connectivities_l1" : 2e-6,
    "connectivities_l1_all" : true,
    "if_fully_connected" : false,
    "use_pretrained_resnet" : true,
    "input_size" : "default",
    "freeze_all_but_conns" : false,
    "if_enable_bias" : true,
    "metric_type" : "ACC_BLNCD",
    "weighted_ce" : "unweighted",
    "dataset": "celeba",
    "tasks": ["0", "1", "2", "3", "4", "5", "6", "7", "8", "9", "10", "11", "12", "13", "14", "15", "16", "17", "18", "19", "20",
                  "21", "22", "23", "24", "25", "26", "27", "28", "29", "30", "31", "32", "33", "34", "35", "36", "37", "38", "39"],
    "scales": {"0": 0.02487334514189113, "1": 0.009327504428209173, "2": 0.008291115047297043, "3": 0.010660005060810484,
      "4": 0.07462003542567339, "5": 0.02487334514189113, "6": 0.008291115047297043, "7": 0.009327504428209173,
      "8": 0.012436672570945564, "9": 0.02487334514189113, "10": 0.03731001771283669, "11": 0.010660005060810484,
      "12": 0.014924007085134677, "13": 0.02487334514189113, "14": 0.03731001771283669, "15": 0.07462003542567339,
      "16": 0.03731001771283669, "17": 0.07462003542567339, "18": 0.014924007085134677, "19": 0.010660005060810484,
      "20": 0.03731001771283669, "21": 0.014924007085134677, "22": 0.03731001771283669, "23": 0.014924007085134677,
      "24": 0.02487334514189113, "25": 0.006783639584152125, "26": 0.03731001771283669, "27": 0.007462003542567338,
      "28": 0.02487334514189113, "29": 0.02487334514189113, "30": 0.03731001771283669, "31": 0.014924007085134677,
      "32": 0.010660005060810484, "33": 0.009327504428209173, "34": 0.012436672570945564, "35": 0.07462003542567339,
      "36": 0.018655008856418347, "37": 0.012436672570945564, "38": 0.02487334514189113, "39": 0.009327504428209173}
}